INSERT INTO USERS (ID, LOGINID, NAME, PASS, CREATED_BY, CREATED_DATE) VALUES ('u1', 'admin', 'Administrator', '$2y$04$MbEGGpD6dassScVLX73HgevMIrKIBf5UQOhJNUbg5r9P0Ojfzj0he', 'SYSTEM', CURRENT_TIMESTAMP);
INSERT INTO USERS (ID, LOGINID, NAME, PASS, CREATED_BY, CREATED_DATE) VALUES ('u2', 'librarian1', 'Librarian 1', '$2y$04$MbEGGpD6dassScVLX73HgevMIrKIBf5UQOhJNUbg5r9P0Ojfzj0he', 'SYSTEM', CURRENT_TIMESTAMP);
INSERT INTO USERS (ID, LOGINID, NAME, PASS, CREATED_BY, CREATED_DATE) VALUES ('u3', 'librarian2', 'Librarian 2', '$2y$04$MbEGGpD6dassScVLX73HgevMIrKIBf5UQOhJNUbg5r9P0Ojfzj0he', 'SYSTEM', CURRENT_TIMESTAMP);
INSERT INTO USERS (ID, LOGINID, NAME, PASS, CREATED_BY, CREATED_DATE) VALUES ('u4', 'member1', 'Member 1', '$2y$04$MbEGGpD6dassScVLX73HgevMIrKIBf5UQOhJNUbg5r9P0Ojfzj0he', 'SYSTEM', CURRENT_TIMESTAMP);
INSERT INTO USERS (ID, LOGINID, NAME, PASS, CREATED_BY, CREATED_DATE) VALUES ('u5', 'member2', 'Member 2', '$2y$04$MbEGGpD6dassScVLX73HgevMIrKIBf5UQOhJNUbg5r9P0Ojfzj0he', 'SYSTEM', CURRENT_TIMESTAMP);

INSERT INTO BOOKS (ID, NAME, STATUS, CREATED_BY, CREATED_DATE) VALUES ('b1', 'Book 1', 'AVAILABLE', 'SYSTEM', CURRENT_TIMESTAMP);
INSERT INTO BOOKS (ID, NAME, STATUS, CREATED_BY, CREATED_DATE) VALUES ('b2', 'Book 2', 'AVAILABLE', 'SYSTEM', CURRENT_TIMESTAMP);
INSERT INTO BOOKS (ID, NAME, STATUS, CREATED_BY, CREATED_DATE) VALUES ('b3', 'Book 3', 'AVAILABLE', 'SYSTEM', CURRENT_TIMESTAMP);

INSERT INTO ROLES (ID, NAME, CREATED_BY, CREATED_DATE) VALUES ('admin', 'Administrator', 'SYSTEM', CURRENT_TIMESTAMP);
INSERT INTO ROLES (ID, NAME, CREATED_BY, CREATED_DATE) VALUES ('librarian', 'Librarian', 'SYSTEM', CURRENT_TIMESTAMP);
INSERT INTO ROLES (ID, NAME, CREATED_BY, CREATED_DATE) VALUES ('member', 'Member', 'SYSTEM', CURRENT_TIMESTAMP);

INSERT INTO AUTHORITIES (USERID, ROLEID) VALUES ('u1', 'admin');
INSERT INTO AUTHORITIES (USERID, ROLEID) VALUES ('u2', 'librarian');
INSERT INTO AUTHORITIES (USERID, ROLEID) VALUES ('u3', 'librarian');
INSERT INTO AUTHORITIES (USERID, ROLEID) VALUES ('u4', 'member');
INSERT INTO AUTHORITIES (USERID, ROLEID) VALUES ('u5', 'member');
